publisher_id,publisher
0,Sony Computer Entertainment
1,KOEI
2,Capcom
3,Rockstar Games
4,Konami
5,Sony Interactive Entertainment
6,Electronic Arts
7,Edmund McMillen
8,GT Interactive
9,LucasArts
10,Ubisoft
11,Warner Bros. Interactive
12,Square Enix
13,Atari
14,Eidos Interactive
15,Deep Silver
16,Activision
17,The Fun Pimps
18,Hasbro Interactive
19,Blizzard Entertainment
20,THQ
21,Nintendo
22,Warner Bros. Interactive Entertainment
23,Konami Digital Entertainment
24,Motion Twin
25,Fatshark
26,Microsoft Studios
27,Nicalis
28,Namco Bandai Games
29,Buena Vista
30,Sega
31,Devolver Digital
32,Take-Two Interactive
33,2K Games
34,Ultra Games
35,Parker Bros.
36,Disney Interactive Studios
37,Bethesda Softworks
38,Remedy Entertainment
39,Vivendi Games
40,Studio MDHR
41,989 Studios
42,D3 Publisher
43,Namco
44,505 Games
45,Virgin Interactive
46,Microsoft Game Studios
47,Team17 Software
48,3DO
49,Black Label Games
50,Tecmo
51,Ocean
52,Midway Games
53,Hudson Soft
54,Microsoft
55,Universal Interactive
56,Studio Wildcard
57,"mixi, Inc"
58,Triternion
59,Mindscape
60,Square
61,Crytek
62,Unknown
63,Tecmo Koei
64,Gearbox Software
65,2K Sports
66,Paradox Interactive
67,Mystique
68,20th Century Fox Video Games
69,Messhof
70,Men-A-Vision
71,Namco Bandai
72,DrinkBox Studios
73,Majesco
74,Gathering of Developers
75,Tigervision
76,Psygnosis
77,Mattel Interactive
78,TDK Mediactive
79,Conspiracy Entertainment
80,Sierra Entertainment
81,D3Publisher
82,Lace Mamba Global
83,Coleco
84,Trion Worlds
85,2K Play
86,Level 5
87,Banpresto
88,CPG Products
89,VU Games
90,Agetec
91,BAM! Entertainment
92,Games Workshop
93,Answer Software
94,Frictional Games
95,Fox Interactive
96,Focus Home Interactive
97,Gun Media
98,EuroVideo Medien
99,Spike Chunsoft
100,Bandai
101,Titus
102,Data Age
103,Interplay
104,Imagic
105,10TACLE Studios
106,Scholastic Inc.
107,"Destination Software, Inc"
108,Transhuman Design
109,Koei Tecmo
110,ITT Family Games
111,City Interactive
112,Codemasters
113,Xseed Games
114,CokeM Interactive
115,CBS Electronics
116,Bandai Namco Games
117,Atlus
118,Lince Works
119,Hamster Corporation
120,Ignition Entertainment
121,Red Mile Entertainment
122,NIS America
123,Acclaim Entertainment
124,Night Node Software
125,Neocore Games
126,WolfgangIs
127,Back To Basics Gaming
128,THQ Nordic
129,Knowledge Adventure
130,DL Softworks
131,Bandai Namco Entertainment
132,TopWare Interactive
133,Powerhoof Pty Ltd
134,Sold Out
135,Taito
136,Infogrames
137,ASC Games
138,Kemco
139,Bomb
140,Tomy Corporation
141,AQ Interactive
142,UFO Interactive
143,Telltale Games
144,Avalanche Studios
145,Kadokawa Games
146,PlayWay
147,Acquire
148,Gotham Games
149,TDK Core
150,Destineer
151,Victory Lap Games
152,Spike
153,Paramount Digital Entertainment
154,Dark Energy Digital
155,Sound Source Interactive
156,SouthPeak Interactive
157,GameMill
158,TinyBuild Games
159,Marvelous Entertainment
160,Nippon Columbia
161,Thomas Happ Games
162,Galaxy Trail
163,Playlogic Game Factory
164,PQube
165,Avalon Interactive
166,NewKidCo
167,Crave Entertainment
168,Rising Star Games
169,Vir2L Studios
170,Marvelous Interactive
171,Beatnik Games
172,Indie Voyage
173,Insomniac Games
174,GameTrust
175,Trendy Entertainment
176,Little Orbit
177,D-Pad Studio
178,Screenwave Media
179,Hip Interactive
180,NeocoreGames
181,Nihon Falcom Corp
182,Mehsoft
183,Born Ready Games
184,Headup Games
185,Kinto Games LLC
186,Idea Factory International
187,Dagestan Technology
188,"Arcen Games, LLC"
189,KHB-Soft
190,TEAM HORAY
191,Kiss
192,Adult Swim
193,Aksys Games
194,David Williamson
195,Hopoo Games
196,Bootdisk Revolution
197,Space Boat Studios
198,Frogmind
199,Chubby Pixel
200,Lighthouse Games Studio
201,Takara Tomy
202,Merge Games
203,Aspyr
204,Global Star Software
205,Siberian Digital
206,Walter Machado
207,Gamecock
208,ZOV GAME STUDIO
209,O-Games
210,Maximum Games
211,Black Lime Studio
212,Groove Games
213,U.S. Gold
214,Jaleco
215,Game Factory
216,Mumbo Jumbo
217,DreamCatcher Interactive
218,Brash Entertainment
219,Broccoli
220,GameMill Entertainment
221,Outright Games
222,Nordic Games
223,Sammy Corporation
224,Rocket Company
225,FuRyu Corporation
226,Irem Software Engineering
227,Sunrise Interactive
228,Storm City Games
229,Enix
230,Evolution Games
231,Kadokawa Shoten
232,Alchemist
233,Falcom Corporation
234,Marvelous
235,Marvel Entertainment
236,Takara
237,Ready at Dawn
238,Nighthawk Interactive
239,Vatical Entertainment
240,Perp Games
241,Midas Interactive Entertainment
242,Red Storm Entertainment
243,Kalypso Media
244,MTO
245,Legacy Interactive
246,ChunSoft
247,DSI Games
248,Avanquest Software
249,Kaga Create
250,Nippon Ichi Software
251,IE Institute
252,Big Fish Games
253,Oxygen Interactive
254,Berkeley
255,Empire Interactive
256,Wired Productions
257,Encore
258,Stainless Games
259,Aquaplus
260,Zoo Games
261,Idea Factory
262,Yacht Club Games
263,Dramatic Create
264,Sony Computer Entertainment Europe
265,Arc System Works
266,Russel
267,11 bit studios
268,Phantom 8 Studio
269,Inti Creates
270,5pb
271,Experience Inc.
272,SystemSoft Alpha
273,Hoplite Research
274,Soedesco
275,Asgard
276,XS Games
277,Avanquest
278,Piacci
279,Compile Heart
280,Alawar Entertainment
281,Red Flagship
282,Essential Games
283,Neko Entertainment
284,Epic Games
285,Villa Gorilla
286,GungHo
287,HuneX
288,From Software
289,Focus Multimedia
290,Yeti
291,honeybee
292,Facepunch Studios
293,Blast! Entertainment Ltd
294,M2
295,Quinrose
296,Kalypso
297,Interchannel
298,Silky`s
299,Success
300,Prototype
301,Eidos Interactive Ltd
302,King Games
303,Digital Works Entertainment
304,DMM Games
305,Happinet
306,Alternative Software
307,Dovetail Games
308,United Developers
309,Metro 3D
310,Views
311,Rondomedia
312,Noviy Disk
313,SNK Playmore
314,1C Maddox Games
315,Virgin Play
316,Zushi Games
317,Game Factory Interactive
318,Futurlab 1
319,Bulkypix
320,Other Ocean Interactive
321,Beatshapers
322,Domark Software
323,Viva Media
324,MPI Games
325,100 Gates
326,Mediatonic
327,Apprope
328,eGames
329,Webfoot Technologies
330,2DEngine.com
331,Nitrome
332,Bloober Team
333,Absolute Entertainment
334,Arcadia Systems
335,EnjoyUp Games
336,ArtePiazza
337,BBC Multimedia
338,Taki
339,SilverStar
340,Seta Corporation
341,KnapNok Games
342,Versus Evil
343,NCS
344,Isquared Games
345,ITE Media
346,Ateam
347,CyberSoft
348,bitComposer Games
349,Qubic Games
350,Microprose
351,Sega-AM7
352,Sega AM7
353,LJN
354,Virgin Games
355,MicroLeague
356,Creat Studio
357,Sunsoft
358,Electric Dreams Software
359,3000AD
360,Ghostlight
361,Laser Dog
362,Strategy First
363,Nimbly Games
364,Natsume
365,CDV Software Entertainment
366,Coconuts Japan
367,Collavier Corporation
368,Lexis Numerique
369,Focus
370,Wolf Team
371,Panther Software
372,AlienTrap Games
373,Chillingo
374,Sierra Online
375,American Sammy
376,Edelweiss
377,Cryo Interactive
378,Gentleman Squid Studio
379,"GamesCafe, Inc."
380,Climax
381,Quelle
382,Astragon
383,Omega Products
384,Alexey Saenko
385,Playaround
386,Imageworks
387,Arena Entertainment
388,Imagineer
389,Data East
390,Rovio Mobile
391,Bullet Proof Software
392,Pony Canyon
393,Balcony Team
394,Palace Software
395,GameTek
396,Studio Wonder Effect
397,Good Night Brave Warrior
398,"Merge Interactive, Incorporated"
399,Tec Toy
400,Tradewest
401,Messiah
402,Asylum Entertainment
403,WizardWorks
404,Renovation
405,Viacom
406,Camerica
407,Hi Tech Expressions
408,Plug In Digital
409,Wisdom Tree
410,Spicysoft Corp.
411,Nuvision Entertainment
412,Electro Brain
413,Angel Studios
414,Bplus
415,Sachen
416,Bignet
417,Phantagram
418,BioWare
419,Nnooo
420,Halfbrick Studios
421,bleem!
422,Gameloft
423,Media Group
424,Island Creation
425,Digital Goldfish
426,"Telegames, Inc."
427,First Star Software
428,Fujicom
429,Sanuk Games
430,Nichibutsu
431,Asmik Corp
432,Ian MacLarty
433,Shrapnel Games
434,Sony Imagesoft
435,Turbo Technologies
436,FCI
437,Telegames
438,G-mode
439,Riverhillsoft
440,Milton Bradley
441,Rocket Science Games
442,"CommaVid, Inc."
443,New
444,Tag Games
445,Cartoon Network
446,The Behemoth
447,Human Entertainment
448,Color Dreams
449,EON Digital Entertainment
450,Spectravision
451,Active Enterprises
452,Takuyo
453,Epoch
454,TopWare
455,Media.Vision
456,Choice of Games
457,inXile Entertainment
458,Xonox
459,TOHO
460,Soft Pro
461,Monolith Productions
462,Mediaflex Games
463,Xicat Interactive
464,Mojang
465,Valve
466,Phoenix Games
467,CIRCLE Entertainment
468,SegaSoft
469,US Games
470,SCi
471,Romstar
472,Sage's Creation
473,Palcom
474,Nihon Bussan
475,Nihon System
476,Spicy Horse
477,Gameshastra
478,Vogster Entertainment
479,GREE
480,NetVillage
481,Triangle Studios
482,FACE
483,SNK
484,D4 Enterprise
485,ADK
486,Songbird Productions
487,Riot
488,Nexoft
489,IGS
490,Global A Entertainment
491,Bit Corporation
492,KSS
493,Vicarious Visions
494,Microblast Games
495,Starbreeze Studios
496,Razorsoft
497,1C Company
498,American Video Entertainment
499,PM Studios
500,JVC
501,Gamehastra
502,Amateur Pixels
503,Tantrum Entertainment
504,Pack-In-Video
505,Glu Mobile Inc.
506,NEC
507,OGPlanet
508,Kaneko Co. Ltd
509,BBC Worldwide
510,Yokcos
511,Dream Forge Entertainment
512,Ballistic
513,Urban Plant
514,Imperial Entertainment
515,Flying Edge
516,PalSoft
517,Technos Japan Corporation
518,Hamumu Software
519,Sofel
520,Stickmen Studios
521,Puppy Games
522,SuckerFree Games
523,Buka Entertainment
524,CJ Internet Japan
525,Tom Create
526,cleaversoft
527,Mastiff
528,Semnat Studios
529,CGE Services Corporation
530,SSI
531,Kongregate
532,System 3 Arcade Software
533,Yuke's
534,Mechanic Arms
535,Panda Entertainment
536,Playmates
537,Rage Software
538,LSP Games
539,Focus on the Family
540,Nexeon Technologies
541,Nostatic Software
542,Ludobit
543,Apollo
544,Nippon Telenet
545,Mythicon
546,DTMC
547,Taxan
548,Ballpit Monster
549,Culture Brain
550,Mixedbag Srl
551,Forever Entertainment S.A.
552,Solus Games
553,Aicom
554,7th Level
555,Genterprise
556,Smile Soft
557,17-Bit
558,Microids
559,Tengen
560,Sony Online Entertainment
561,System Sacom
562,Genki
563,Brain Gray
564,XMG Studio Inc.
565,MAG Interactive
566,Gevo Entertainment
567,Perfect World Entertainment
568,Gamebridge
569,UPL
570,Medaverse Studios
571,Wales Interactive Ltd.
572,Meridian4
573,Wanadoo
574,Bubble Quiz Games
575,Muse Software
576,The ONE
577,MAIET Entertainment
578,KranX Productions
579,SFB Games
580,Micronet
581,Meldac
582,East Entertainment Media
583,Ludia
584,Xplosiv
585,Meridian
586,TalonSoft
587,Toei Animation
588,Ruffian Games
589,Capstone Software
590,Glass Bottom Games
591,Poisoft
592,Gamelion Studios
593,TGC
594,Next Dimension Game Adventures Ltd.
595,Dolores Entertainment SL
596,SEI
597,Sucker Punch Productions
598,Panasonic Interactive Media
599,Infinite Loop
600,Klei Entertainment
601,StormBasic Games
602,Actoz Soft
603,Cinemaware
604,Zoo Digital Publishing
605,Shepherd's Worlds
606,NEC Avenue
607,Yutaka
608,Tonkin House
609,Studio Pixel
610,Character Soft
611,Snail Game
612,Mahou
613,Maxis
614,Chainsawesome Games
615,Juicy Beast Studio
616,Play It
617,Sarbakan
618,Seika
619,FunSoft
620,LEGO Media
621,NAVER JAPAN
622,Asteroid Base
623,Toshiba EMI
624,Wolfire Games
625,Shoeisha
626,"Making Fun, Inc."
627,The Code Monkeys
628,Two Desperados
629,The Men Who Wear Many Hats LLC
630,Sears
631,Gremlin Interactive Ltd
632,Igor Migun
633,Atmark
634,Flat Earth Games
635,WayForward Technologies
636,Merscom LLC
637,3D Realms
638,Sonic Powered
639,Kitfox Games
640,Milestone
641,Black Pearl
642,Media Rings
643,Tokuma Shoten
644,TechnoSoft
645,Playism
646,Force Of Habit
647,HAL Laboratory
648,Nunchuk Games
649,Data Design Interactive
650,ASK
651,Konjak
652,Q-Games
653,FobTi Interactive
654,Oddworld Inhabitants
655,Nokia
656,Laughing Jackal
657,Mastertronic
658,Sony Music Entertainment
659,Studio Zan
660,KID
661,Rare
662,Electronic Arts Victor
663,21st Century Entertainment
664,Starfish
665,Pasta Games!
666,Lemondo Entertainment
667,Robotality
668,Nitrolic Games
669,Mac Play
670,Odenis Studios
671,Image Works
672,Red Orb
673,Victor Interactive
674,Sideline Amusements
675,LOOT Entertainment
676,Smilegate Megaport
677,Slitherine
678,Moss
679,Apogee
680,Commotion Interactive
681,Time Warner Interactive
682,CodeHatch
683,Rogue Snail
684,Illusion
685,Slick Entertainment
686,Raya System
687,TikGames
688,Vidtec
689,FUN YOURS Technology
690,Cellar Door Games
691,Mobage
692,"Kotobuki Solution Co., Ltd."
693,Tru Blu Entertainment
694,Bastian Schick
695,Tryfirst
696,Ska Studios
697,Bold Games
698,Gyko Games
699,Pacific Century Cyber Works
700,Malibu Games
701,TimeGate Studios
702,Kids Station
703,Vblank Entertainment Inc.
704,JoWood Productions & Piranha Bytes
705,Gainax Network Systems
706,Mig Entertainment
707,Xing Entertainment
708,Micro World
709,Gastronaut Studios
710,Mitsui
711,NHN USA
712,Dahku Creations
713,Tamsoft
714,J-Wing
715,ZQGame
716,MobileBits GmbH
717,Charlie Williams
718,Velocity Development
719,RCMADIAX
720,Desura
721,I.Magic
722,Broderbund
723,Koramgame.com
724,Teyon Entertainment
725,Dynamix
726,Abylight
727,Media Entertainment
728,Gaia Industries
729,Origin Systems
730,Big John Games
731,Rockin' Android
732,Jorudan
733,Flashman Games
734,Bothtec
735,Monster Robot Studios
736,SCEA Studio San Diego
737,Dong Nguyen
738,Rising Star
739,Playrise Edge Ltd.
740,Eclipse Games
741,Sanyei Shobou
742,Perpetuum Game
743,Nickelodeon
744,StormBASIC
745,F&C
746,Digital Tribe Games
747,Touz
748,Endnight Games Ltd
749,Thunder Mountain
750,Commodore
751,Zatun
752,Twisted Pixel Games
753,Techno Soleil
754,Minicore Studios
755,Big Head Games
756,Legendo Entertainment
757,Accolade
758,Zen Studios
759,Next Gen Games
760,Melbourne House
761,Interactive Magic
762,Europress
763,Summitsoft Entertainment
764,Naxat Soft
765,Warp
766,Vexel Games
767,Frozenbyte
768,Stern
769,Krome Studios
770,Bec
771,Nordcurrent
772,Saga Planets
773,Dorart
774,Mike Bithell Games
775,American Laser Games
776,MGM Interactive
777,Enlight
778,Annapurna Interactive
779,Fortyfive
780,Got Game Entertainment
781,Ocean Software
782,Gaijin Games Inc.
783,Bigben Interactive
784,Darkwind Media
785,Mountain King Studios
786,Renegade Kid
787,White Lotus Interactive
788,Mobest Media
789,Frima Studio
790,JoWood Productions
791,G-Style
792,Blue Print
793,AGM Playism
794,Humble Bundle
795,Fast Travel Games
796,Tikipod
797,Mattel Electronics
798,Gambitious
799,Raw Fury
800,Trinket Studios
801,Xbox Game Studios
802,Shield Break Studios
803,bilibili
804,Dufgames
805,Team 17
806,Digerati
807,L. Stotch
808,nDreams
809,ININ Games
810,Crunching Koalas
811,Tripwire Interactive
812,New Reality Games
813,INTV Corporation
814,Riot Games
815,TOYURO
816,Doragon Entertainment
817,H2F Informationssysteme GmbH
818,The Dangerous Kitchen
819,Koch Media
820,Behaviour Interactive
821,Rainy Frog
822,CarbonFire Studio
823,One or Eight Inc.
824,Undefined
825,Scott Cawthon
826,GalaxyTrail Games
827,The Game Bakers
828,Naps Team
829,Team17 Digital Ltd
830,Another Indie
831,Sony Pictures Digital Network
832,ELYLAND INVESTMENT COMPANY Ltd
833,Vertex Pop
834,Taito Corporation
835,Horberg Productions
836,Crazy Monkey
837,Supergiant Games
838,BlitWorks
839,RocketPunch Games
840,Badland Games
841,IO Interactive
842,Coffee Stain Studios
843,Ratalaika Games
844,Flyhigh Works
845,Emad
846,FTE Games
847,10tons
848,"Liquid Bit, LLC"
849,Numizmatic
850,KONANDENKI
851,2Awesome Studio
852,Tribute Games
853,Mellowsoft
854,DANGEN Entertainment
855,DLsite
856,Level 77
857,VADIM GAFTON
858,Veewo Games
859,JanduSoft S.L.
860,Humble Hearts
861,"Aspyr Media, Inc."
862,City Connection
863,Modus Games
864,Young Horses
865,All Yes Good
866,SpearHead Games
867,Red Barrels
868,iFun4all
869,Sumo Digital
870,MAGES
871,Breakfall
872,GameTomo
873,Cococucumber
874,Bitten Toast Games
875,KAYAC
876,Zerodiv
877,Maxistentialism
878,S2 Games
879,Interphase
880,Ultra Dolphin Revolution
881,WayForward
882,MUTAN
883,Choice Provisions
884,IGOR GAFTON
885,10tons Ltd
886,Proletariat Inc.
887,Sabec Limited
888,Image & Form International AB
889,"Netflix, Inc."
890,DotEmu
891,Secret Base
892,Dan & Gary Games
893,Starsign
894,Teyon
895,Curve Digital
896,Runic Games
897,Active Gaming Media
898,Matt Makes Games Inc.
899,Grasshopper Manufacture Inc.
900,Stardock
901,Parker Brothers
902,Lillymo Games Inc
903,Springloaded
904,Big Sugar
905,Area Zero
906,Crazy Viking Studios
907,Digital Extremes
908,Funbox Media
909,Corvostudio di Amadei Marco
910,Simogo
911,Amazing Inc.
912,Sony Computer Entertainment America
913,Chucklefish
914,Crystal Dynamics
915,Team Cherry
916,Hello Games
917,Ninja Theory
918,Gearbox Publishing
919,FDG Entertainment
920,Black Shell Media
921,Cleverweek
922,Analgesic Productions
923,Crackshell
924,Vaka Game Magazine
925,GungHo Online Entertainment
926,Capybara Games
927,A Crowd of Monsters
928,CD Projekt Red Studio
929,Rain Games
930,Philips Interactive Media
931,Hi-Bit Studios
932,HandyGames
933,Krillbite Studio
934,PLAYDIUS
935,Casual Bit Games
936,Sand Sailor Studio
937,Lionsgate Games
938,Applava
939,"505 Games US, Inc."
940,Graffiti
941,Intragames
942,Rocket Vulture
943,Good Game Publishing
944,Destructive Creations
945,Toybox
946,3rd Eye Studios
947,Techland
948,Outerloop Games
949,Attu Games
950,Bedtime Digital Games
951,miHoYo
952,Saber Interactive
953,1DER Entertainment
954,PlayStation Mobile Inc.
955,Bifrost Entertainment
956,Blowfish Studios
957,Ember Lab
958,TeamKill Media
959,Double Fine Presents
960,The Arcade Crew
961,Feral Interactive
962,Borealys Games
963,Glob Games Studio
964,Team Junkfish
965,Lienzo
966,Bromio
967,Double Damage Games
968,Diplodocus Games
969,GSC Game World
970,YCJY
971,Paranoid Productions
972,Over The Moon
973,yeo
974,Thunderful Publishing AB
975,Daedalic Entertainment
976,Team17
977,Skydance Interactive
978,PlatinumGames
979,VIZ Media
980,aeiowu
981,Finji
982,Smartly Dressed Games
983,Unknown Worlds Entertainment
984,Galactic Cafe
985,Navarre Corp
986,Amanita Design
987,ASCII Entertainment
988,Double Fine Productions
989,The Astronauts
990,Elf
991,Kokopeli Digital Studios
992,Sam Barlow
993,Ysbryd Games
994,NEC Interchannel
995,Coconut Island Games
996,White Dog
997,Might and Delight
998,Necrophone Games
999,PopCap Games
1000,Pioneer LDC
1001,Fireproof Games
1002,GrabTheGames
1003,Killmonday Games
1004,Bit Blot
1005,Hothead Games
1006,Revolution Software
1007,Grey Box
1008,The Adventure Company
1009,Media Factory
1010,Teotl Studios
1011,Gamestorming
1012,Imadio
1013,Hitcents
1014,3f Interactive
1015,Enterbrain
1016,Wadjet Eye Games
1017,cada
1018,Cyan Worlds
1019,Screen 7
1020,Uppercut Games Pty Ltd
1021,"What Pumpkin Games, Inc."
1022,Peace
1023,Rusty Lake
1024,Hudson Entertainment
1025,Lavaboots Studios
1026,GSP
1027,Unfinished Pixel
1028,Unbalance
1029,Athena
1030,Aria
1031,Aqua Plus
1032,Shogakukan
1033,Crimson Cow
1034,Yumedia
1035,Tequila Works
1036,ASCII Media Works
1037,Anuman
1038,Snail Games USA
1039,Comfort
1040,DTP Entertainment
1041,TGL
1042,CyberFront
1043,Societa
1044,Asmik Ace Entertainment
1045,ValuSoft
1046,Princess Soft
1047,Fuji
1048,Her Interactive
1049,Mamba Games
1050,Perpetual
1051,Licensed 4U
1052,Sweets
1053,BushiRoad
1054,GN Software
1055,Creative Core
1056,Reef Entertainment
1057,Media Works
1058,Minato Station
1059,Entergram
1060,Daedalic
1061,ReadySoft
1062,Quintet
1063,Karin Entertainment
1064,Technical Associates Inc
1065,Datam Polystar
1066,Valcon Games
1067,Giga
1068,Revolution (Japan)
1069,Funcom
1070,System Soft
1071,RED Entertainment
1072,Cave
1073,Easy Interactive
1074,Harukaze
1075,Simon & Schuster Interactive
1076,Rejet
1077,Nobilis
1078,iMel
1079,Matatabi
1080,Gadget Soft
1081,Otomate Idea Factory
1082,Assemble Entertainment
1083,SVG Distribution
1084,Abel
1085,Nippon Cultural Broadcasting eXtend
1086,Compile
1087,Dimple Entertainment
1088,Foreign Media Games
1089,El Dia
1090,Lexicon Entertainment
1091,Petit Reve
1092,KING Art Games
1093,Tri Synergy
1094,Black Bean Games
1095,Iceberg Interactive
1096,MC2 Entertainment
1097,Mentor Interactive
1098,Phenomedia
1099,fonfun
1100,Lighthouse Interactive
1101,GTE Entertainment
1102,The Fullbright Company
1103,Elephant Entertainment
1104,Adventure Soft
1105,Sound Technology
1106,Visit
1107,Alice Soft
1108,MidBoss
1109,Nippon Create
1110,King Records
1111,4PM Game LTD
1112,RunnerGames
1113,Infocom
1114,Degica
1115,Pione Soft
1116,"GRAVITY Co.,Ltd"
1117,Key
1118,Game Studio
1119,Feng
1120,LukPlus
1121,age
1122,Columbia Music Entertainment
1123,Aruze Corp
1124,Glams
1125,Gaia (GeGeGe)
1126,Synergy Inc.
1127,Witch
1128,Right Stuff
1129,Interplay Productions
1130,Benjamin Rivers Inc.
1131,GANZ
1132,Graphic Simulations
1133,Jast
1134,Active
1135,Terios
1136,Hirameki International Group
1137,Arika
1138,Xider Games
1139,bhv Software
1140,Ray Corporation
1141,Omega Micott
1142,Hearty Robin
1143,Adult Dream
1144,CD Bros.
1145,Tactics
1146,Tin Man Games
1147,ArtDink
1148,Gato Salvaje S.L.
1149,Circus
1150,Ciel
1151,Spacetime Studios
1152,Project Two Interactive
1153,Hug
1154,Outgrow
1155,Tadashi
1156,Corbomite Games
1157,Propeller
1158,Undermoon
1159,Survive
1160,Oz Club
1161,I'Max
1162,Zombie Cow Studios
1163,Kiddinx
1164,Kitty Media
1165,Diego Acevedo
1166,Zotnip
1167,GokuFero
1168,Tsunami Media
1169,NOA
1170,Reindeer
1171,Emu
1172,Relentless Software
1173,Erik Svedäng
1174,Completes
1175,TechnoBrain
1176,Sega Toys
1177,ScooP
1178,Discovery Channel Multimedia
1179,Nigred
1180,Cocktail Soft
1181,NHK
1182,Studio e-go
1183,G-Collections
1184,Pandora Box
1185,RealArcade
1186,Nitro+
1187,Crazy Labs
1188,Orbit Soft
1189,Microvalue
1190,Trilobyte
1191,Media Kite
1192,Alcot
1193,Eufonie
1194,Nine'sFox
1195,Leaf
1196,Legend Entertainment
1197,Access Software
1198,Triangle
1199,Media.Vision Entertainment
1200,Peach Princess
1201,Flying Shine
1202,exoSyphen Studios
1203,Doppler Interactive
1204,MangaGamer
1205,ESP
1206,Firebird Software
1207,Gaga
1208,Cyberdreams
1209,Good Shepherd Entertainment
1210,Sarah Northway
1211,Himeya
1212,Panorama
1213,Hot-B
1214,Lump of Sugar
1215,Cosmonaut Games
1216,SUMO interactive
1217,Digital Pictures
1218,Social Point
1219,Pinky Soft
1220,Digital Leisure Inc.
1221,PlayFirst
1222,Zenrin
1223,Owlchemy Labs
1224,Interstel
1225,Canal+ Multimedia
1226,Ice Water Games
1227,Xuse
1228,Sims
1229,Artifex Mundi sp. z o.o.
1230,White Paper Games
1231,C's Ware
1232,Game Village
1233,Kwan
1234,Cybird
1235,Playrix
1236,Tale of Tales
1237,Type-Moon
1238,Sophia
1239,Campo Santo
1240,Renegade
1241,Winter Wolves Game Studio
1242,Nocturnal Entertainment
1243,Humongous
1244,Pallet
1245,GeneX
1246,Fog
1247,Amuse
1248,TinkerBell
1249,Spray
1250,Digital Kids
1251,Norn
1252,"CyberAgent, Inc."
1253,Daiki
1254,Majesco Entertainment
1255,Lay-Up
1256,DreamWorks Interactive
1257,Well Made
1258,BeF
1259,Lupinus
1260,Flashpoint Games
1261,Winter Wolves Studio
1262,Elcom
1263,Swan
1264,Favorite
1265,Rune
1266,AIA
1267,Vega
1268,Black Package
1269,New World Computing
1270,Ankh
1271,Crackpot Entertainment
1272,Spectrum Holobyte
1273,Ole
1274,Sandlot Games
1275,CBE Software s.r.o.
1276,IBM
1277,Hiromi
1278,Ange
1279,Bellda Soft
1280,Clochette
1281,Kyarara
1282,Atypical Alchemists Associate
1283,Guilty N
1284,Libredia Entertainment
1285,Peas Soft
1286,Axl
1287,Alpha Unit
1288,Ail
1289,GMF
1290,CRI
1291,Crowd
1292,Melody
1293,Honey Pot
1294,WestVision
1295,Hearthfire Studios
1296,SoftLab Laboratories
1297,Panda House
1298,13cm
1299,HookSoft
1300,Teatime
1301,State of Play Games
1302,Marmalade
1303,Untouchable
1304,Touchable
1305,Micro Cabin
1306,Sometimes You
1307,Juno
1308,Bohemia Interactive
1309,Family Soft
1310,Koubunsha
1311,Aldorlea Games
1312,Black Psyche
1313,Namco Networks America
1314,Neko Neko Soft
1315,Janis
1316,Larian Studios
1317,Tiburon Interactive Publishing
1318,Zeta Multimedia
1319,Paretto
1320,B-Factory
1321,Pygmy Studio
1322,Up Multimedia
1323,GameTap
1324,Rainbird
1325,Kool Kizz
1326,UNiSONSHIFT
1327,SkunkWorks
1328,Infinite Fall
1329,Glass Knuckle Games
1330,Sur de Wave
1331,Waffle
1332,Playlogic International NV
1333,Sekilala
1334,Creability
1335,"Minority, Inc."
1336,Pumpie
1337,Ice-pick Lodge
1338,Telarium
1339,Amedeo
1340,Clock Up
1341,Kirin Entertainment
1342,Pajamas Soft
1343,I*Motion
1344,DataWest
1345,Vision Soft
1346,Honey Soft
1347,Aqualuft Games
1348,Light
1349,Lyn And Line LLC
1350,Virtual Playground
1351,Navel
1352,Pink Pineapple
1353,Libido
1354,Black Dragon
1355,Montparnasse Multimedia
1356,Affect
1357,So Much Drama Studios
1358,Spiel
1359,Escude
1360,Mosaic
1361,Illusion Soft
1362,The Learning Company
1363,No Reply Studios
1364,Unicorn-A
1365,Kodansha
1366,Krimzon Fake
1367,Icarus Games
1368,Catarite
1369,Four Nine
1370,Cyc
1371,Ocelot
1372,Aqua House
1373,Trust
1374,RTL
1375,Software House Paseri
1376,Splash
1377,Apollon Create
1378,Eushully
1379,Minor I
1380,Pan Vision
1381,Topologika
1382,Failbetter Games
1383,Sekai Project
1384,Evil Indie Games
1385,AJTilley
1386,Xiao Yao
1387,MegaHouse
1388,7G//AMES
1389,Crescent Moon Games
1390,Sanctuary Woods
1391,Red Orb Entertainment
1392,Presto Studios
1393,TreeFall Studios
1394,Game Arts
1395,Screwy Lightbulb
1396,G5 Entertainment AB
1397,MECC
1398,Valve Corporation
1399,Valve Software
1400,Enjoy Gaming
1401,Symphony
1402,Authering Heaven
1403,RaSeN
1404,Merit Studios
1405,HMH Interactive
1406,Fully Ramblomatic
1407,Pulse Entertainment
1408,Ecole
1409,Forst
1410,Angel Smile
1411,Akabee Soft 2
1412,Dreams
1413,"Moonshark, Inc."
1414,Kita Denshi
1415,Mebius
1416,Rebellion Developments / Saffire
1417,Shouei
1418,GriN Multimedia
1419,TwoFive
1420,Iridium
1421,Fuuki
1422,D'Avekki Studios Limited
1423,It's Anecdotal
1424,"Corecell Technology Co.,Ltd."
1425,Night School Studio
1426,FJRD Interactive
1427,Private Division
1428,LWNA
1429,LoopyMood
1430,HypeTrain Digital
1431,Vision Games
1432,Bulbware
1433,Maple Whispering Limited
1434,Badland Studio
1435,Izanagi Games
1436,Too Kyo Games
1437,Toby Fox
1438,8-4
1439,Quantic Dream
1440,Alliance Digital Media
1441,Red Thread Games
1442,Mixtvision
1443,EA Originals
1444,Freebird Games
1445,Sidebar Games
1446,KO_OP Mode
1447,Pirate Software
1448,Helmet Games
1449,Billy Goat Entertainment
1450,"YGGDRAZIL GROUP CO.,LTD"
1451,Caustic Reality
1452,Playdead
1453,Superbrothers
1454,Tigertron
1455,Bloober Team S.A.
1456,Tomorrow Corporation
1457,Mooneye Studios
1458,FIVE-BN GAMES
1459,like Charlie
1460,IMGN PRO
1461,StudioInkyfox
1462,Dynamic Voltage Games
1463,All in! Games
1464,Feardemic
1465,Henchman & Goon
1466,Twisted Tree
1467,Atypical Games
1468,Green Man Gaming
1469,3909 LLC
1470,Rainbite
1471,CI Games
1472,RedG Studios
1473,Frogwares
1474,Thunder Lotus Games
1475,Chorus Worldwide Games
1476,Deck 13
1477,Playdigious
1478,DONTNOD Entertainment
1479,The Molasses Flood
1480,Mipumi Games GmbH
1481,inbetweengames
1482,"Timberline Studio, Inc."
1483,Fellow Traveller
1484,SONKA
1485,Terrible Toybox
1486,Unties
1487,Bandai Namco
1488,Vanimals
1489,Draw Distance
1490,Friend & Foe
1491,Total Mayhem Games
1492,Triple Topping
1493,Asymmetric
1494,Akupara Games
1495,Asmodee Digital
1496,Ripstone
1497,Three Flip Studios
1498,Silver Star Japan
1499,BNC Design Studios
1500,Midway
1501,EA Sports BIG
1502,EA Sports
1503,Williams Entertainment
1504,Square EA
1505,Silver Dollar Games
1506,"H2 Interactive Co., Ltd."
1507,Trigger Apps
1508,Grand Prix Games
1509,Playmore
1510,SouthPeak Games
1511,G.Rev
1512,Mediascape
1513,Bottom Up
1514,PF.Magic
1515,Mandigo
1516,Ertain
1517,A1 Games
1518,Recom
1519,Big Ben Interactive
1520,Namco Networks America Inc.
1521,Nexon America
1522,Treco
1523,Kaga Tech
1524,Eighting
1525,Kaasa Solution
1526,Studio 3
1527,IPC Software
1528,Milestone S.r.l.
1529,WHA Entertainment
1530,Virtual Air Guitar Company
1531,Sun Amusement
1532,Diversions Entertainment
1533,LG
1534,Ghostfire Games
1535,Extreme Entertainment Group
1536,Philips Media France
1537,Mud Duck Productions
1538,Saurus
1539,BMG Interactive Entertainment
1540,Varie
1541,Nabi Studios
1542,Ma-Ba
1543,Amaginz
1544,TEN
1545,GameBank
1546,Zoom
1547,Sirlin Games
1548,Smilegate West
1549,"Komi Games, Inc"
1550,nWay
1551,Blam! Games LLC
1552,RedOctane
1553,"Infocom, Inc."
1554,Sierra Studios
1555,MTV Games
1556,Falcom
1557,Bossa Studios
1558,Invisible Handlebar
1559,Abbey Games
1560,Pinnacle
1561,Almost Human
1562,Positech Games
1563,BetaDwarf
1564,DECK13 Interactive GmbH
1565,Facepalm Games
1566,Shiro Games
1567,Hemisphere Games
1568,E-Line Media
1569,Fabio Ricci
1570,Polytron Corporation
1571,Vlambeer
1572,P2 Games
1573,Magix
1574,Zono Incorporated
1575,Gaijin Entertainment
1576,Activision Value
1577,Over The Top Games
1578,Mad Catz
1579,Zoo Games silver
1580,Dejobaan Games
1581,DarkGod
1582,Acid Wizard Studio
1583,Refract Studios
1584,Endless Fluff Games
1585,Bandai Visual
1586,Syscom
1587,indiePub
1588,Jackbox Games
1589,Zachtronics Industries
1590,Daito
1591,Nickervision Studios
1592,Paon
1593,LAN - GAMES EOOD
1594,Benesse
1595,Hackberry
1596,Nippon Amuse
1597,O~3 Entertainment
1598,Virtual Play Games
1599,Myelin Media
1600,Edia
1601,Tommo
1602,Imax
1603,Tivola
1604,Vap
1605,Sonnet
1606,Fields
1607,3 O'Clock
1608,Kamui
1609,Paon Corporation
1610,CK Games
1611,PlayV
1612,Yamasa Entertainment
1613,Plenty
1614,Gakken
1615,Mirai Shounen
1616,Alvion
1617,Maximum Family Games
1618,Boost On
1619,NetRevo
1620,Otomate
1621,Nitroplus
1622,Commseed
1623,Agatsuma Entertainment
1624,System Soft Alpha
1625,SystemSoft
1626,"Thekla, Inc."
1627,althi Inc.
1628,Tera Box
1629,Ides
1630,Datel
1631,Land Ho
1632,8Floor
1633,Spark Plug Games
1634,MY.COM
1635,Gipnetix Games
1636,FPS
1637,G5 Entertainment
1638,SelectSoft
1639,Tasuke
1640,QubicGames
1641,"Days Of Wonder, Inc."
1642,Software Toolworks
1643,Cypronia
1644,GAE
1645,Comolink
1646,Cosmigo
1647,Game Circus LLC
1648,LOTUM GmbH
1649,Fruitella Games
1650,AGENIUS Interactive
1651,Altron
1652,cerasus.media
1653,Cinemax
1654,Zaxis Games
1655,bom667
1656,G5 Software
1657,gamesbymo
1658,8bits fanatics
1659,Total Eclipse
1660,Com2uS
1661,Digital Media Lab
1662,Vertigo Games
1663,"Rideon Japan, Inc."
1664,Supersolid Ltd
1665,Yudo
1666,Iron Tower Studio
1667,ECRUSH DI DI NATALE SALVATORE
1668,Silent Software Inc.
1669,Triumph Studios
1670,evoline srl
1671,Soft Bank
1672,i4
1673,"VOOZ CO.,LTD"
1674,TRADEGAME Lab Inc.
1675,Haruneko
1676,Himalaya Studios
1677,General Entertainment
1678,Doublesix
1679,Greenwood Entertainment Software GmbH
1680,Interplay Entertainment Corp.
1681,Krisalis
1682,COCOSOLA Inc.
1683,Sabarasa Entertainment
1684,DigiCube
1685,Harmonix Music Systems
1686,Yuke's Osaka
1687,SlinDev
1688,GameForge
1689,Metro3D
1690,Enjoy Gaming ltd.
1691,Nexon
1692,Interchannel-Holon
1693,Pai
1694,Fuzzy Wuzzy Games
1695,G.rev Ltd.
1696,Signal Studios
1697,Shingakusha
1698,Gakushuu Kenkyuusha
1699,Witch Beam Games
1700,PomPom Games
1701,Tangram3D
1702,NDoors Interactive
1703,Social Quantum
1704,Quantum Sheep
1705,T3 Entertainment
1706,Gremlin Graphics
1707,Eutechnyx
1708,Midnight Magic Games
1709,Amaranth Games
1710,Ronimo Games
1711,Zynga
1712,Team Colorblind
1713,Fiendish Games
1714,VooFoo Studios
1715,TeamLava
1716,Astec 21
1717,Yoshimoto Kogyo
1718,Libii Tech Limited
1719,flaregames
1720,Arachnid Games
1721,Mobigame SARL
1722,PennyPop
1723,DYNAMICNEXT
1724,Nippon Data Works
1725,Left Field Productions
1726,Game Hive Corp.
1727,Mika Mobile
1728,Kumobius
1729,Oberon Media
1730,Cloud Imperium Games Corporation
1731,Kokuyo
1732,NCSoft
1733,Serene
1734,Sega Falcom
1735,Vivid Interactive
1736,Studio Fawn
1737,iWin
1738,Skyworks Interactive
1739,Interceptor Entertainment
1740,Gogii Games
1741,Aeria Games & Entertainment
1742,gumi Inc.
1743,Monolith
1744,Bergsala Lightweight
1745,Revolution
1746,Wizards Time LLC
1747,King.com
1748,Sigma Game Limited
1749,Silver Style
1750,Gaps
1751,Williams
1752,LEANDRO PIM
1753,Playtika LTD
1754,Freyr Games
1755,Star Cave Studios
1756,City State Entertainment
1757,Teku Studios
1758,Quaker Oats
1759,En Masse Entertainment
1760,Avex
1761,Cie Games
1762,Miniclip.com
1763,IGG.com
1764,WaveDNA
1765,CyberPlanet Interactive
1766,AMA Studios
1767,Quikding
1768,Educational Network
1769,Silverball
1770,"Quark Games, Inc."
1771,Broken Rules
1772,dreamfab
1773,Discord Games
1774,tono / Ctrl+k
1775,osao
1776,Griptonite Studio
1777,Csharks Games & Solutions Pvt Ltd
1778,Mechanist Games
1779,Logic Artists
1780,Capcom Entertainment
1781,Q Entertainment/UserJoy Technology
1782,Gizmondo Studios
1783,DPFLASHES STUDIOS
1784,"Game Insight, LLC"
1785,Candy Games
1786,Hypnos
1787,Phoenix Online Studios
1788,Independent Arts Software GmbH
1789,Namco Tales Studio / Wolfteam
1790,Battlefront.com
1791,Westwood Studios
1792,"International Games System Co., Ltd"
1793,Humansoft
1794,Compulsion Games
1795,Riverhill Soft
1796,SGN
1797,ootii
1798,GOAT Store Publishing
1799,DifferenceGames
1800,Intellivision Productions
1801,Kerem San
1802,Game Atelier
1803,hiive
1804,JoWood
1805,Amaze Entertainment / Griptonite Games
1806,Cyber Planet
1807,Point of View
1808,Starplay
1809,GameHouse
1810,NaturalMotion
1811,ZeptoLab
1812,Video System
1813,Hori
1814,Jester Interactive
1815,Mycom
1816,Burian Media Enterprises
1817,Anansi Studios
1818,Aventurine SA
1819,Zombie Studios
1820,PlayFlock
1821,MADFINGER Games
1822,thechineseroom
1823,"Apogee Software, Ltd."
1824,GottaPlay Ltd
1825,Monster and Monster
1826,Artem Karakozov
1827,Isao
1828,The Quinnspiracy
1829,wooga
1830,Powerhead Games
1831,Grandslam
1832,Joymax
1833,Kaze
1834,Oxygen Games
1835,"Playdom, Inc."
1836,Oddworld Inhabitans
1837,Pentavision Entertainment
1838,XPEC Entertainment
1839,Gripati Digital Entertainment
1840,Syntetic Dreams
1841,HeartBit Interactive
1842,Beyond Software
1843,Dorasu
1844,Double Down Interactive
1845,Rockstar Leeds/North
1846,The Codemasters Software Company Limited
1847,Inlogic Software
1848,The Muteki Corporation
1849,"Thunderstorm Entertainment Inc.,"
1850,Kabam
1851,Backflip Studios
1852,Mass Creation Sp. z o. o.
1853,OMGPOP
1854,First Touch
1855,Soldak Entertainment
1856,JTB West
1857,Mura Interactive
1858,Digital Tales
1859,A&E Television Networks Mobile
1860,Yamago
1861,Metro Trains Melbourne
1862,Substantial Inc.
1863,OnLine Studio Productions LLC
1864,Rockstar
1865,Nix Hydra Games
1866,Keynet
1867,Slang
1868,Capcom / Mitchell Corporation
1869,RntsMedia
1870,Firebird
1871,Frontier Developments Inc.
1872,Excalibur Publishing Limited
1873,Ember Entertainment
1874,Goodgame Studios
1875,Ubisoft Shanghai
1876,Episode Interactive
1877,Gabriele Pellistri
1878,Intense
1879,Roofdog Games
1880,Fingersoft
1881,Mass Threat
1882,Gammick Entertainment
1883,Rich Olson
1884,Icon Games
1885,"TinyCo, Inc."
1886,Michael Bowen
1887,Green Lava Studios
1888,Glitch Games
1889,ICS
1890,Ichikawa
1891,Polytron
1892,Bass Professor
1893,"Bit By Bit Studios, LLC"
1894,Codemasters Online
1895,Go Games Limited
1896,infinity pocket
1897,Firemint
1898,Engine Software
1899,Code 4 Development LLC
1900,Triniti Interactive
1901,Sigma Ent. Inc.
1902,AppXplore Sdn Bhd
1903,Smosh LLC
1904,Photon Productions
1905,Endgame Studios
1906,Humongous Entertainment.
1907,Humongous Entertainment
1908,Cerasus Media
1909,Freeze Tag
1910,Red Robot Labs Inc.
1911,Press Play
1912,Mode 7
1913,Double Eleven
1914,Liminal Games
1915,South East Games
1916,Gunho Online Entertainment
1917,ASNetworks
1918,Shin'en Multimedia
1919,CJ Internet Corp.
1920,Ubiquitous Media Corp.
1921,Tap4Fun
1922,Nagase Brothers
1923,Greenheart Games
1924,ibrahim kocaalioglu
1925,Vasili Tryndyk
1926,Robert Topala
1927,Creat Studios
1928,Farm 51
1929,Decode Entertainment Inc.
1930,"Emotion, Inc."
1931,Matt White
1932,Elite
1933,Oracion
1934,UFO Interactive Games
1935,GlobZ
1936,EASY Inc.
1937,Swift Apps
1938,22Cans
1939,"Rogue Play, Inc."
1940,Playdemic
1941,Youda Games
1942,Independent
1943,2K Australia / 2K Boston
1944,Smudged Cat Games
1945,Robinson Technologies
1946,Defiant Development
1947,"Conversion, LLC"
1948,RucKyGAMES
1949,Muse Games
1950,Modern Media Ventures
1951,Infogrammes Studios
1952,Aques
1953,Atari Games(Midway)
1954,ITL
1955,"Activision Publishing, Inc."
1956,Crowdstar Inc
1957,Godzilab
1958,Orangenose Studios
1959,Silver Creek Entertainment
1960,E-Frontier
1961,HB Studios Multimedia
1962,Amtechs
1963,Telenet Japan
1964,"Fincon Co., Ltd."
1965,Mizuki
1966,BiP Media
1967,Gamesys
1968,Panic Art Studios
1969,Transolar Games
1970,"WeMade Entertainment CO., LTD"
1971,Cryptozoic Entertainment
1972,99Games Online Private Limited
1973,Kero Makura
1974,Alientrap Games Inc
1975,Warashi
1976,JuiceBox Games
1977,Hacker International
1978,Reliance Big Entertainment UK Private Ltd
1979,Future Games of London
1980,Aexol
1981,Exkee
1982,Games for Friends
1983,Alegrium
1984,Masque Publishing
1985,Now Production
1986,Vise
1987,Epyx
1988,NEW WORLD
1989,Homegrown Games
1990,Miel
1991,Eduardas Klenauskis
1992,Ludosity AB
1993,Sabi Games
1994,Full Control Studios
1995,Jaguar
1996,SCEA
1997,Plato
1998,PomPom
1999,Big Ant Studios
2000,Shin'en
2001,Culture Publishers
2002,Iota
2003,MaxBet
2004,Appetite
2005,Playful Entertainment
2006,Mobo Studio
2007,Triangle Service
2008,HI Games & Publishing
2009,Kosaido
2010,Mirrorsoft
2011,Warhorse Studios
2012,Chronic Logic
2013,Ironhide Game Studio
2014,Sparkle Apps
2015,Gamevil
2016,Carnivore Studio
2017,Home Media
2018,Realtech VR
2019,Pi Arts
2020,Lilith
2021,Infogrames Melbourne
2022,r2 game
2023,Rake in Grass
2024,Dreamatrix
2025,The LEGO Group
2026,1337 Game Design
2027,Silver Fox Media
2028,iFree Studio Limited
2029,Punchline / Shirogumi
2030,MediaQuest
2031,Eagle Capital LLC.
2032,SmashGames
2033,"BitMonster, Inc."
2034,SUMS Online Ltd
2035,CodProd
2036,BeiZ Ltd.
2037,Curve Studios
2038,KLab Global Pte. Ltd.
2039,Binary Takeover LLC
2040,Q Entertainment
2041,Working Designs
2042,O2 Games
2043,BombDog
2044,FairPlay Media Limited
2045,Turborilla
2046,Toco Games
2047,Channel 4 Television Corporation
2048,Wizards of the Coast
2049,Morgopolis Studios
2050,Wicked Loot
2051,Chat Noir
2052,PICK Technology Limited
2053,Pow
2054,Nekki
2055,"Space Inch, LLC"
2056,Little Worlds Studio
2057,Office Create
2058,Tokyo Electron
2059,Media5
2060,Gazillion Entertainment
2061,Planetwide Games
2062,Eversim
2063,Neon Surge
2064,SCE Studio San Diego
2065,Infinite Game Publishing
2066,Supersonic
2067,"ENTERBRAIN,INC."
2068,Copenhagen Creators
2069,Team Meat
2070,Ratloop Asia Pte Ltd
2071,99Games
2072,Mateen Pekan
2073,UIG Entertainment
2074,Antinos Records
2075,Pinkerton Road
2076,Intelligent Design
2077,Pocketwatch Games
2078,Henchmen Studios
2079,Nowhere Studios
2080,Europa-Apps
2081,Health Pack Games Inc.
2082,Naquatic LLC
2083,Random House
2084,Yuki
2085,iCOOLgeeks
2086,"GAMEVIL USA, Inc."
2087,Fingerlab
2088,Random Games Inc.
2089,Aerosoft
2090,SevenOne Intermedia GmbH
2091,Meridian 4
2092,Unity Games
2093,Tapps Tecnologia da Informao Ltda.
2094,Ringzero Game Studio
2095,Saddleback
2096,Out Fit 7 Ltd.
2097,Digi-chain Games
2098,BudCat Games
2099,Shanblue Interactive
2100,Daikoku
2101,Joseph Rothenberg
2102,GoGo-Robot
2103,1st Playable
2104,duangle
2105,Waka Mfg
2106,Multisoft
2107,online in4mation GmbH
2108,Pix Arts
2109,Pin Change
2110,Liar Soft
2111,Polynetix Studio
2112,Wolfteam / Namco Tales Studio
2113,Magical Company
2114,Robot Entertainment
2115,Nikita
2116,"responDESIGN, Inc."
2117,"Rocket Studio, Inc."
2118,Kawada
2119,HES Interactive
2120,Trendverlag
2121,Out of the Park Developments
2122,Produce!
2123,Hect
2124,Slitherine Software
2125,Telenet
2126,Ayopa Games LLC
2127,softhouse-seal
2128,Panesian
2129,Sunny Tam
2130,SCEE
2131,Maestro Interactive Games
2132,Schell Games
2133,EFUN COMPANY LIMITED
2134,Meister Hero
2135,NHN corp.
2136,Jupiter Corporation
2137,Ultra Runaway Games
2138,Digital Worldwide
2139,Cowboy Rodeo
2140,Phosphor Games
2141,Kristanix Games
2142,Line One Games
2143,Cooking Mama Ltd.
2144,Nano Games
2145,XperimentalZ Games
2146,Cancer Research UK
2147,Mere Mortals
2148,"Pocket Direct, L.L.C."
2149,"Sirqul, Inc."
2150,Liquid Games
2151,3 Sprockets
2152,JV Games Inc.
2153,Chillingo Ltd
2154,"RealNetworks, Inc"
2155,Santa Entertainment
2156,Nival Interactive
2157,NineLives
2158,Silver Dollar Games 2
2159,Sada Soft
2160,Vtree Entertainment
2161,Gust
2162,Slightly Mad Studios
2163,The Indie Stone
2164,Andamiro U.S.A. Corp.
2165,Studio9
2166,Buka Enterteinment
2167,System 3
2168,The Voxel Agents
2169,Pinpin Team
2170,Masaya
2171,Fallen Tree Games
2172,MinMax Games Ltd.
2173,MLB.com
2174,Intermarum
2175,NEOCYON
2176,Polarbit
2177,BeLight Software
2178,EastAsiaSoft
2179,Vivid Games
2180,Hexage.net
2181,PlanetG
2182,Active Data Online Pty Ltd
2183,Yanim Studio
2184,HuCast
2185,Phantom EFX
2186,Secret Exit Ltd.
2187,"MobCrete, Inc."
2188,TransGaming
2189,Shaun Inman
2190,SoftEgg Enterprises
2191,Odenis Studio
2192,InnoGames
2193,Spry Fox
2194,Wanadoo Edition
2195,Lucid Games
2196,Fun
2197,Akatsuki Works
2198,Games Factory Online
2199,Two Tribes
2200,Space Ape Games
2201,Ubisoft Romania
2202,Waka Interactive Entertainment
2203,Smack Down Productions
2204,HeroCraft
2205,Screenlife
2206,Dakko Dakko
2207,Switchblade Monkeys
2208,Magnolia
2209,ISP
2210,Tohoku Shinsha
2211,"Zeichenkraftwerk Jeutter, Schaller, Staeger GbR"
2212,Harebrained Schemes
2213,TBA
2214,Execution Labs
2215,"Index Digital Media, Inc."
2216,Home Data
2217,Devilish Developments
2218,Midway Studios Austin
2219,Jason Rohrer
2220,Spike Co.
2221,"COLOPL, Inc."
2222,CERVO MEDIA GMBH
2223,Playmore Corporation
2224,TOPGAME
2225,Dorat
2226,Mediocre AB
2227,Hi-Rez Studios
2228,"Beeline Interactive, Inc."
2229,games2be GmbH
2230,Hachikou Shouji
2231,Epic Pixel
2232,2K Boston
2233,GameOn
2234,Game Freak
2235,Polygram Magic of Japan
2236,Disastercake
2237,Fenix Fire
2238,one2tribe Sp. z o.o.
2239,Ayyo Games
2240,Mark Smith
2241,Midway Studios San Diego
2242,EA Mobile
2243,Animoca
2244,Gaslamp Games
2245,"Williams Electronic Games, Inc."
2246,NASA
2247,inkle
2248,Zoink Games
2249,DAN-BALL
2250,Tencent Games
2251,SIMS Co.
2252,Glu Games
2253,Ragequit Corporation
2254,Artworx Software Company
2255,Kiloo Games
2256,BiCore
2257,Skyjoy Interactive
2258,XGen Studios
2259,Eclipse Entertainment
2260,Minor Key Games
2261,Advanced Studio LLC
2262,BattleGoat Studios
2263,Way Forward
2264,Atomicom
2265,Fargoal
2266,Little Chicken Game Company
2267,Probe Entertainment Ltd.
2268,Cateia Games
2269,Imagineering
2270,Goodbye Galaxy Games
2271,Dingo Inc.
2272,"Imangi Studios, LLC"
2273,Nyamyam
2274,Hudson Soft / West One
2275,Wahoo Studios
2276,Bitmap Brothers
2277,ORiGO Games
2278,Sandswept Studios
2279,Rainbow Arts
2280,Aqua Rouge
2281,3A Studios
2282,"Funtactix, Inc"
2283,Brighter Minds Media
2284,Worlds Apart
2285,FarSight Studios
2286,Isayonline Services
2287,Bally Midway
2288,Mousechief
2289,Societa Daikanyama
2290,The Working Parts
2291,Direct Solutions
2292,Sirvo LLC
2293,Progrestar
2294,MilkCap
2295,AppyNation Ltd.
2296,One Man Left
2297,"Reactor, Inc."
2298,Fat Fish Games
2299,Capcom Production Studio 1
2300,Kirihara Shoten
2301,Azerbo
2302,Ars System Works
2303,Daiwon C&A
2304,Irrational Games / Looking Glass Studios
2305,Soner Kara
2306,Pixel Federation
2307,N3V Games Pty Ltd
2308,Deemedya M.S. Ltd.
2309,RedLynx
2310,Saturnine Games
2311,Ascaron Entertainment GmbH
2312,Rocket Science
2313,"Playdek, Inc."
2314,High Voltage Software
2315,thesetales
2316,Map Japan
2317,Simpy Entertainment
2318,Kaixin Network Technology Co. Ltd - loftygame
2319,Tencent Technology(Shenzhen) Company Limited
2320,Red-Spell
2321,Penguin Australia
2322,Virtual Programming Ltd
2323,Psygnosis / Reflections Interactive
2324,Matthew Brown
2325,WhiteBigRabbit
2326,Hands On Mobile
2327,Legendary Games
2328,KAZe Co.
2329,Blitz Game Studios
2330,Nihon Falcom Corporation
2331,"Section Studios, Inc."
2332,Akaoni Studio
2333,Massive Black Inc
2334,Mobigame
2335,Misfits Attic
2336,RandomSpin
2337,United Soft Media
2338,Fox Dawn
2339,Markanime Studios
2340,@unepic_fran
2341,Sergej110
2342,KNP
2343,Hulu
2344,M2H
2345,Edmark
2346,DIGITAL MISTAKE
2347,Takara Tomy ARTS
2348,Neos
2349,Roblox Corporation
2350,Dream Reactor
2351,Activision Blizzard
2352,Carbine Studios
2353,Black Eye Games
2354,Miniclip SA
2355,Jarbit
2356,Pearl Abyss
2357,Kakao Games
2358,Neowiz Corporation
2359,Donkey Crew
2360,Amazon Game Studios
2361,AIGRIND
2362,Ravenscourt
2363,imageepoch Inc.
2364,Beat Games
2365,Brace Yourself Games
2366,Berzerk Studio
2367,RNOVA Studio
2368,Drool
2369,Planet Entertainment
2370,Joindots
2371,Oasis Games Ltd.
2372,Undercoders
2373,SMG Studio
2374,ForwardXP
2375,Hypersect
2376,"Smiling Buddha Games, LLC."
2377,Re-Logic
2378,Hitbox Team
2379,Trapdoor
2380,Number None
2381,"Mossmouth, LLC"
2382,Terry Cavanagh
2383,Jack of All Games
2384,Image & Form Games
2385,GR3 Project
2386,Glaiel Games
2387,Gears for Breakfast
2388,GarageGames
2389,Carlsen Games
2390,Haydee Interactive
2391,team BitClub
2392,Icy Studios
2393,Sluggerfly
2394,AwesomeBlade
2395,Metanet Software Inc.
2396,Team Indev
2397,ZackBellGames
2398,Batterystaple Games
2399,Giorgi Abelashvili
2400,Retro Affect
2401,Extend Studio
2402,Synnergy Circle Games
2403,K Bros Games
2404,Missing Link Games
2405,Polykid
2406,Cygames
2407,Leadman Games
2408,NDS Software
2409,NinjaBee
2410,Salio
2411,Duaik Entretenimento
2412,Beam Software
2413,Battlebard Games
2414,Qwiboo
2415,Big Five Software
2416,ComputerEasy
2417,Bunch Games
2418,Binary Tweed
2419,id Software
2420,SoftDisk Publishing
2421,Zaratustra Productions
2422,Chaos89
2423,SuperVillain Studios
2424,Williams Electronics
2425,Dobermann
2426,Dan Da Rocha
2427,Seaven Studio
2428,"Shadowsoft, Inc."
2429,Frontier Developments
2430,Factor 5
2431,rdein
2432,Moonpod
2433,Red Fly Studio
2434,Playstos Entertainment
2435,TecMagik
2436,Allied Kingdoms
2437,Sigma
2438,nifflas
2439,American Softworks
2440,Copysoft
2441,Expert
2442,Tozai Games
2443,Arcadia Corporation
2444,Telstar
2445,Sound Source
2446,Boolat Games
2447,Keypunch
2448,Action Button Entertainment LLC
2449,"Mentrix Software, Inc."
2450,High Horse Entertainment
2451,Petite Games
2452,Pixel Lantern
2453,Ant Workshop Ltd
2454,7Levels
2455,Skybound Games
2456,Fabraz
2457,PlayEveryWare Games
2458,Creative Bytes Studios
2459,Traxmaster Software
2460,Perfect World
2461,Four Horses
2462,Bishop Games
2463,Arcade Distillery
2464,Atooi
2465,Burgos Games
2466,Playful
2467,DevNAri
2468,iam8bit
2469,FIVE12 GAMES
2470,Harmonious Games
2471,Long Neck Games
2472,Luckshot Games
2473,Flazm
2474,Muro Studios
2475,Coatsink Software
2476,Sinister Cyclops
2477,Poppy Works
2478,Undergames
2479,Sabotage
2480,DigiPen Game Studios
2481,Francis Cota
2482,Snikkabo AS
2483,COWCAT
2484,Joey Drew Studios Inc.
2485,Invent4 Entertainment
2486,Lazy 8 Studios
2487,BPS
2488,Out of crumpét's:
2489,Sidhe Interactive
2490,Zodiac Interactive
2491,Rooster Teeth Games
2492,EightyEightGames
2493,Anatoliy Loginovskikh
2494,ThinkOfGames
2495,Digital Tentacle
2496,Cipher Prime
2497,Seragam
2498,Dymchick1
2499,Rainbow Games
2500,Jetdogs Studios
2501,Lupus Studios Limited
2502,OneBigGame
2503,Rock Path Collective
2504,Blender Games
2505,"Genius Products, Inc."
2506,Tulip Games
2507,Dispatch Games
2508,Secret Stash Games
2509,O3 Entertainment
2510,Mercury Games
2511,HdO Adventure
2512,Playrix Entertainment
2513,Myth People
2514,Salu
2515,Acute Entertainment
2516,Arcade Lab
2517,Mad Monkey Studio
2518,Sudden Games
2519,MegaCyber
2520,Dai Nippon Printing
2521,MACHINE Studios LLC
2522,Vector 2 Games
2523,MGame
2524,Giant Media Group
2525,Logic
2526,Clef Inventor
2527,Triffix
2528,AWEM Studio
2529,Kloonigames
2530,Home Entertainment Suppliers
2531,Caravel Games
2532,Electron Jump Games
2533,NAC Geographic Products Inc.
2534,DK Games
2535,Good-feel Co. Ltd.
2536,Xform
2537,IBA Group
2538,Through Games
2539,Locus
2540,Connect2Media
2541,Caramel Pot
2542,Stolen Couch Games
2543,MSN Games
2544,Sky Think Systems
2545,Dice Multimedia
2546,Williams Entertainment Inc.
2547,T&E Soft
2548,Anarchy Enterprises
2549,WildTangent
2550,Riverman Media
2551,Classified Games
2552,Swing! Entertainment
2553,Yullaby
2554,Ponos
2555,DHM Interactive
2556,Digital Dreams
2557,Apparition Games
2558,Datt Japan
2559,Ustwo Games
2560,Assoria
2561,Game Grinder
2562,Akinai Games
2563,Cobra Mobile
2564,Toasty Games
2565,uClick
2566,Sanritsu Denki
2567,TBS
2568,Lucasfilm Games
2569,Deco Digital
2570,Abstraction Games
2571,Event Horizon Software
2572,Korner Entertainment
2573,Farmind
2574,Pieces Interactive
2575,NTVIC
2576,XYPE
2577,Blendo Games
2578,Gamerizon
2579,Deep Fried Entertainment
2580,Zallag
2581,Karuchua
2582,Kotobuki Systems
2583,Draknek
2584,CBS / Sony
2585,Virtual Toys
2586,Axela
2587,4Pockets.com
2588,RealNetworks
2589,Vanguard
2590,Tetris Online
2591,ProjeX
2592,TNN
2593,Grip Games
2594,Candystand
2595,Impressions Games
2596,RedSpot Games
2597,2D Boy
2598,ZeNfA Productions
2599,Kokakiki
2600,"oeFun, Inc."
2601,Yanoman
2602,Yak & Co
2603,West Coast Software
2604,Cosen
2605,Evgeniy Kolpakov
2606,TREVA Entertainment
2607,Awesome Games Studio
2608,Ivan Zanotti's MyMadness Works
2609,flow
2610,Enhance
2611,William Chyr Studio
2612,Perfect Hat
2613,StickyStoneStudio
2614,Oink Games
2615,9 Eyes Game Studio
2616,Atarisoft
2617,Studio F-Sharp
2618,Score Studios
2619,adamgryu
2620,D3Go
2621,Trapped Nerve Games
2622,Toxic Games
2623,Desk Works
2624,Vivid Helix
2625,Just1337 Publisher
2626,Ant Workshop
2627,Pillow Castle
2628,Lozange Lab
2629,Pixelsplit
2630,The Quantum Astrophysicists Guild
2631,Skookum Arts
2632,WeirdBeard
2633,FinalBoss Games
2634,Isbit Games
2635,Punk Notion
2636,Kunos Simulazioni
2637,TYO
2638,Real Dynamics
2639,Milestone S.r.l
2640,Dusenberry Martin Racing
2641,Funselektor Labs Inc.
2642,704Games
2643,Milkstone Studios
2644,Neognosis
2645,Excalibur Publishing
2646,Detn8 Games
2647,Evolved Games
2648,"Orbital Media, Inc."
2649,Rombax Games
2650,U&I Entertainment
2651,Microforum
2652,Image Space Incorporated
2653,2XL Games
2654,Davilex
2655,GMI
2656,ICD
2657,Zordix AB
2658,Magic Bytes
2659,Vector Unit
2660,Shangri-La
2661,Invex
2662,Graphsim Entertainment
2663,Psychic Software
2664,Tantalus Interactive
2665,][ Games
2666,Xendex
2667,Vitrex Multimedia
2668,Polyphony Digital
2669,Bullfrog Productions
2670,Element 5
2671,Joju Games
2672,Jose Varela
2673,Agenda
2674,On Deck Interactive
2675,Medioza
2676,Papyrus
2677,Seismic
2678,XWego
2679,Scavenger
2680,Team6
2681,Creative Dimension
2682,Gateway Interactive
2683,NetherRealm Studios / Other Ocean Interactive
2684,D2C Games
2685,California Dreams
2686,New Star Games
2687,Climax Entertainment
2688,Wiering Software
2689,SPIL GAMES
2690,Popcorn Arcade
2691,Virtual Racing Industries Ltd.
2692,Neowiz Entertainment
2693,Nimblebit
2694,EXOR Studios
2695,Real Vision
2696,AOL
2697,Three Fields Entertainment
2698,illuCalab
2699,AQUIRIS
2700,ArtVostok
2701,Motorsport Games
2702,Tammeka Games
2703,Tate Multimedia
2704,Nacon
2705,Red Hook Studios
2706,Crate Entertainment
2707,Quest
2708,Rebellion Games
2709,SquareSoft
2710,EQ Games
2711,Behold Studios
2712,On Demand
2713,Gaijinworks
2714,Sunight Games
2715,Lasta Dan Publisher
2716,Overhype Studios
2717,Digerati Distribution
2718,Blackfire Games
2719,Lonely Troops
2720,Priority Interrupt
2721,Cats Who Play
2722,Matt Roszak
2723,QCF Design
2724,WAX Publishing
2725,Spiderweb Software
2726,Butterscotch Shenanigans
2727,DoubleBear Productions
2728,Beamdog
2729,Winged Cloud
2730,Indimo Labs LLC
2731,Image Epoch
2732,Flight-Plan
2733,Acttil
2734,Sting
2735,Turbine Inc.
2736,Obsidian Entertainment
2737,Michaelsoft
2738,ArenaNet
2739,Sirtech
2740,Numantian Games
2741,"Lost Decade Games, LLC"
2742,California Pacific
2743,JC Research
2744,Blue Byte
2745,IGG
2746,Aki Corp.
2747,Fishtank Interactive
2748,Webzen
2749,Super Fighter Team
2750,Shibuya Interactive
2751,Zeboyd Games
2752,Snowbird Game Studios
2753,Gollop Games
2754,TQ Digital Entertainment
2755,"Gala-Net, Inc."
2756,E-Games
2757,Sinxsoft
2758,Kasedo Games
2759,R2Games
2760,Picroma
2761,Soft Office
2762,Mythic Entertainment
2763,EPS/Electronic Zoo
2764,"Strategic Simulations, Inc"
2765,GamersGate
2766,Dreadlocks Ltd
2767,Qute
2768,Gravity Corporation
2769,Tenco
2770,WaterMelon
2771,CCP
2772,Ivolgamus
2773,Outspark
2774,Vector Unit Studios
2775,Kure
2776,Abandon Interactive Entertainment
2777,Mubik
2778,Gianty
2779,Akella
2780,GMX Media
2781,Core Design Ltd.
2782,Winged Pixel Inc.
2783,Shinbyou Planning
2784,tri-Ace
2785,Michal Brzozowski
2786,gamigo
2787,K2 Network
2788,Alphastar
2789,Happy Mage
2790,SoftMax
2791,Epiphany Games
2792,DarkElite
2793,Taleworlds
2794,Atlus Online
2795,"CyberStep Communications, Inc."
2796,Yojigen
2797,Sara International
2798,Disney Online
2799,Khabal Gaming
2800,Hanakai Studio
2801,Ancient
2802,Carpe Fulgur
2803,Whiptail Interactive
2804,Frogster Interactive
2805,Oddy Arts
2806,Ascaron Entertainment
2807,Independent Arts Software
2808,Monte Christo Multimedia
2809,Wicked Interactive
2810,Jujubee S.A.
2811,"2XL Games, Inc."
2812,Ugamehome
2813,Mistwalker
2814,Pyrodactyl
2815,Black Isle Studios
2816,Genius Sonority Inc.
2817,White Owls
2818,Quantum Quality
2819,Weird and Wry
2820,Ackkstudios
2821,Wander MMO
2822,KingIsle Entertainment
2823,Intec
2824,ArcaneRaise
2825,Inside System
2826,Petoons Studio
2827,Daniel Wright
2828,Phoenix Labs
2829,ZA/UM
2830,Toydea Inc.
2831,Tuque Games
2832,JFI Games
2833,Snowcastle Games
2834,Dinamic Multimedia
2835,1C Entertainment
2836,Anshar Studios
2837,Monkey Stories Games
2838,Crystal Shard
2839,Hypixel Studios
2840,Forge Reply
2841,2ndDimensionGhost
2842,Onion Games
2843,Playstack
2844,KITATUS
2845,Grinding Gear Games
2846,Overhaul Games
2847,Niantic
2848,Upfall Studios
2849,X.D. Network Inc.
2850,Chandler Rounsley
2851,Nightdive Studios
2852,Impact Gameworks
2853,Panoramik Inc.
2854,CooCooSqueaky
2855,Regista
2856,Square-Enix
2857,CCCP
2858,Fatbot Games
2859,E-Home Entertainment
2860,PUBG Corporation
2861,Daybreak Games
2862,SUPERHOT Team
2863,Offworld Industries
2864,Rebellion Developments
2865,Touchstone
2866,Cold Beam Games
2867,Modulaatio Games
2868,NovaLogic
2869,JForce Games
2870,Wargaming.net
2871,Ripcord Games
2872,Trickjump Games Ltd
2873,Pub Games
2874,Terrible Posture Games LLC
2875,ANPA.US
2876,Treasure
2877,StarSystemStudios
2878,Reverb Triple XP
2879,Brogames
2880,Kazakov Oleg
2881,Axyos Games
2882,Sorath
2883,Cadenza Interactive
2884,The Farm 51
2885,New Blood Interactive
2886,Rebellion
2887,Visco
2888,Best Media
2889,Chara-ani
2890,Illusion Softworks
2891,Digital Jesters
2892,Aroma
2893,Techiku
2894,CSK Research Institute
2895,Santos
2896,Kyugo Boueki
2897,U.S. Army
2898,Big Fun Games
2899,Matrix Games
2900,Performance Designed Products
2901,Novaleaf Game Studios
2902,Coresoft
2903,Headless Wizard
2904,Incredible Technologies
2905,Megamedia
2906,Zamuse
2907,Onion News Network
2908,ZoopTEK
2909,ARUSH Entertainment
2910,Grendel Games
2911,NDA Productions
2912,SPS
2913,Art Data Interactive
2914,IncaGold
2915,Realtec
2916,Soft Vision International
2917,Omega
2918,Queasy Games
2919,Mommy's Best Games
2920,Head Games
2921,Red 5 Studio
2922,Sakari Indie
2923,The Game Creators
2924,Bizarre Creations
2925,eFusion MMOG GmbH
2926,Llamasoft
2927,Platine Dispositif
2928,"American Laser Games, Inc"
2929,DAVLevels
2930,Tony Sergi
2931,Black Widow Games
2932,Twilight Frontier
2933,HappySoft
2934,ThompsonSoft
2935,VD-dev
2936,Zellers
2937,Edge of Reality
2938,Playbrains
2939,Bungie Software
2940,Ving
2941,Electronic Visual Elements
2942,Uber Entertainment
2943,DiezelPower
2944,Wiz Technology
2945,Nexuiz Team
2946,Acer
2947,Fabtek
2948,Anaconda
2949,Naked Sky Entertainment
2950,Shadowsoft
2951,While
2952,Futuremark Games Studio
2953,CrunchTime Games
2954,Infinite Dreams Inc.
2955,Calaris
2956,FormGen
2957,FireSky
2958,JAVELIN OÜ
2959,MOBIRIX
2960,BigBrik Games
2961,Boll AG
2962,WXP / Screenlife Games
2963,M2 Studios
2964,Chair Entertainment
2965,Play Ten Interactive
2966,Value Works
2967,PhobosLab
2968,Psikyo
2969,CrystalVision
2970,aPriori Digital
2971,Deep River Publishing
2972,Panic Button
2973,Secret Location
2974,Motion Picture Corporation of America Interactive
2975,Awe Interactive
2976,FYQD Personal Studio
2977,InterAction studios
2978,Pixel Maniacs
2979,IGGYMOB
2980,TwistedRed
2981,Lightbulb Crew
2982,"Intragames Co.,Ltd."
2983,Digital Cybercherries
2984,CremaGames
2985,Armor Games
2986,R.G.B. SRL
2987,Housemarque
2988,SGTTB_Studios
2989,Running with Scissors
2990,MD Games
2991,Starbreeze
2992,VOID Interactive
2993,nuGAME
2994,kFunction Ltd
2995,Systemic Reaction
2996,Multiverse
2997,Velocity Inc.
2998,Looking Glass Technologies
2999,"Night Dive Studios, LLC"
3000,QUByte Interactive
3001,SCS Software
3002,Keen Software House
3003,Introversion Software
3004,Sunflowers
3005,Berserk Games
3006,Hinterland Studio Inc.
3007,Monomi Park
3008,Panic
3009,Vertigo Gaming Inc.
3010,Cherry Pop Games
3011,CharlieH
3012,YuPlay
3013,ArtwareGames
3014,Hovgaard Games
3015,Maschinen-Mensch
3016,Vivid Games S.A.
3017,Kyle Seeley
3018,Iceflake Studios
3019,Endless Loop Studios
3020,Biart Design Studio
3021,LVGameDev LLC
3022,Those Awesome Guys
3023,Egosoft
3024,American Technos
3025,Giants Software
3026,Lionhead Studios
3027,Paradox Development
3028,Ongakukan
3029,Studio Artdink
3030,Summitsoft
3031,RailSimulator.com
3032,First Class Simulations
3033,Just Flight
3034,iEntertainment Network
3035,Bluestone Interactive
3036,Ambition
3037,Open Book 9003
3038,Frontier Groove
3039,"Incandescent Core, LLC"
3040,Increment-P
3041,HipSoft
3042,Software 2000
3043,Kairosoft Co. Ltd
3044,Fusion Labs
3045,Celsius Game Studios
3046,Ambrosia
3047,Travian Games GmbH
3048,Stockpile Studio
3049,Fugitive Games
3050,Realore Studios
3051,Bimboosoft
3052,Honeyslug
3053,"Kairosoft Co.,Ltd"
3054,T&S
3055,WorkJam
3056,Lapland Studio
3057,"JAST Co., Ltd."
3058,Aries Online
3059,Hoget
3060,Anozor SARL
3061,Mad Data
3062,Cyber Planet Interactive
3063,Jinx
3064,Strategic Studies Group
3065,Hobbico
3066,Kando Games
3067,astragon Software GmbH
3068,GamesCafe
3069,Timbre Interactive
3070,Magic Pockets
3071,SharRock
3072,Ascon Software
3073,Digital Chocolate
3074,Kirat
3075,Ludic
3076,Robot Gentleman Studios
3077,Snaggletooth Studios
3078,Advanced Interactive Gaming Ltd.
3079,metricminds GmbH & Co. KG
3080,SimFabric
3081,ScottGames
3082,Dark Day Interactive
3083,GameUS Inc.
3084,Holyday Studios
3085,Squad
3086,Anikids
3087,Marginal act
3088,Vile Monarch
3089,Glumberland
3090,Dry Cactus Limited
3091,Crytivo Games
3092,Crea-ture Studios
3093,DUX Software Corporation
3094,Illumination Games
3095,Ultimate Games
3096,VRChat Inc.
3097,Joe Williams
3098,Psyonix
3099,989 Sports
3100,VR Sports
3101,MLB Advanced Media
3102,Psyonix Studios
3103,Agharta Studio
3104,responDESIGN
3105,Griffin International
3106,Misawa
3107,49Games
3108,Blade Interactive
3109,Fru Blu Games
3110,Mindstorm Studios
3111,PixelStorm
3112,Micott & Basara Inc.
3113,Nerjyzed Entertainment
3114,Binbou Soft
3115,Argent
3116,UEP Systems
3117,Dazz
3118,Ivanovich Games
3119,Joycity
3120,FX studio
3121,AAA
3122,Fathammer
3123,Mc O'River
3124,Immanitas Entertainment GmbH
3125,Wave
3126,CapDisc
3127,Pack In Soft
3128,Roll7
3129,Sports Interactive
3130,OnGames
3131,Planeta DeAgostini Interactive
3132,Big Blue Bubble
3133,In2Games
3134,GolemLabs
3135,Nippon Clary Business
3136,StarHill
3137,Mid Carolina Media
3138,Hands-On Entertainment
3139,Sonalysts
3140,Dextell Ltd.
3141,Pocket
3142,MERJ Media
3143,iMackulate Vision Gaming
3144,Frame Interactive Studio LLC
3145,Toplitz Productions
3146,Giant Margarita
3147,Easy Day Studios Pty Ltd
3148,Loren Lemcke
3149,Metalhead Software Inc.
3150,SAT-BOX
3151,Ndemic Creations
3152,Mega Crit Games
3153,Hidden Path Entertainment
3154,KillHouse Games
3155,14 Degrees East
3156,Big Sandwich Games
3157,Game-Labs
3158,W!Games
3159,Dan Walters
3160,A.Y.std
3161,Pipliz
3162,Hammerfall Publishing
3163,Playboom
3164,MoaCube
3165,Alda Games
3166,Naarassusi Publisher
3167,Northway Games
3168,Aterdux Entertainment
3169,Quaint Emerald
3170,League of Geeks
3171,FireFly Studios
3172,HD Interactive
3173,Spellbound
3174,Slitherine Studios
3175,Kawamoto Industrial
3176,Case in Point Studios
3177,Manning
3178,Dark Sky Entertainment
3179,Wax Lyrical Games
3180,Witt Interactive Software
3181,Game Republic
3182,Ravensburger Interactive Media
3183,HexWar Games
3184,Pelfast
3185,Indietopia Games
3186,Wonderful Tree Studio
3187,Hiro
3188,Introversion
3189,XGenStudios
3190,Four Lights
3191,Art of War
3192,lbxgames
3193,Rudolf Kremers
3194,CP Decision Limited
3195,Hammer Labs
3196,Subatomic Studios
3197,Complete-IT
3198,Nemesys
3199,Aspect
3200,"Hassey Enterprises, Inc."
3201,Kerberos Productions
3202,Softnyx
3203,Oxeye
3204,GameFools
3205,Pocket Games Inc
3206,Jamo Games
3207,Monogon Games
3208,Mechabit
3209,Ilusis Interactive Graphics
3210,Left Behind Games
3211,Wastelands Interactive
3212,Hexacto Games
3213,Isotope 244 LLC
3214,Isotx
3215,Wesson International
3216,Code Fusion
3217,Virgin Mastertronic
3218,LDW
3219,Cendyne
3220,Games Faction
3221,Prolific Publishing
3222,UserJoy Technology
3223,Pantera
3224,Makivision Games
3225,Digital Entertainment Pool
3226,Winky Soft
3227,Media-5
3228,Three Donkeys
3229,Black Wing Foundation
3230,Nayantara Studios
3231,Blind Mind Studios
3232,Alten8
3233,Cheapass Games
3234,Secret Sorcery
3235,BlackMoon Design
3236,Relic Entertainment
3237,Lucky Frame
3238,Open Book
3239,DigiToys
3240,Angie
3241,Oddmobb
3242,Evil Twin Artworks
3243,DQ Team
3244,VOLV LLC
3245,Chilled Mouse
3246,Privateer Press Interactive
3247,Goldhawk Interactive
3248,TickTock Games
3249,TACS Games
3250,Fuero Games
3251,Junkfish Limited
3252,CE-Asia
3253,North Star Games
3254,Strategic Simulations
3255,Rampage Games
3256,"Massive Damage, Inc."
3257,Subset Games
3258,Conifer Games
3259,Ankama Games
3260,Eforb
3261,Tower Five
3262,34BigThings srl
3263,Satur Entertainment
3264,Young Fun Studio
3265,"Rhino Games, Inc."
3266,Omnidream Creations
3267,Studio Maka
3268,Snapshot Games
3269,"AREA 34, Inc."
3270,DeXP
3271,MoeNovel
3272,Love Conquers All Games
3273,Somi
3274,Sprite
3275,Giza10
3276,Wolfgame
3277,Digiturbo
3278,Stack
3279,Ju Cai
3280,Afterthought Studios
3281,CaeruX
3282,Dharker Studio
3283,Team Salvato
3284,NEKO WORKs
3285,Orange Juice Dog
3286,Kinmoku
3287,bch waves studio
3288,Mighty Rabbit Studios
3289,Mind's Eclipse Interactive
3290,Walkabout
3291,InvertMouse
